01-native	20261001-141148-799-Metal-17876608423386497146	Run[name=01-native, sr=false, strength=0, aa=true, vsync=false]
02-sr25-aa	20261001-141314-056-Metal-7681828036629768473	Run[name=02-sr25-aa, sr=true, strength=25, aa=true, vsync=false]
03-sr33-aa	20261001-141439-306-Metal-9691324401620726638	Run[name=03-sr33-aa, sr=true, strength=33, aa=true, vsync=false]
04-sr50-aa	20261001-141604-797-Metal-13671833291936674446	Run[name=04-sr50-aa, sr=true, strength=50, aa=true, vsync=false]
05-sr50-aa	20261001-141730-308-Metal-15500211144850451133	Run[name=05-sr50-aa, sr=true, strength=50, aa=true, vsync=false]
06-sr33-aa	20261001-141855-803-Metal-4347231043444296105	Run[name=06-sr33-aa, sr=true, strength=33, aa=true, vsync=false]
07-sr25-aa	20261001-142021-052-Metal-10009656364209013634	Run[name=07-sr25-aa, sr=true, strength=25, aa=true, vsync=false]
08-native	20261001-142146-306-Metal-8612840756869296376	Run[name=08-native, sr=false, strength=0, aa=true, vsync=false]
09-sr25-noaa	20261001-142311-808-Metal-4842604668240402159	Run[name=09-sr25-noaa, sr=true, strength=25, aa=false, vsync=false]
10-sr25-noaa	20261001-142437-298-Metal-1380842692816209096	Run[name=10-sr25-noaa, sr=true, strength=25, aa=false, vsync=false]
11-native-vsync	20261001-142602-557-Metal-7600649981506442405	Run[name=11-native-vsync, sr=false, strength=0, aa=true, vsync=true]
12-sr25-aa-vsync	20261001-142727-805-Metal-7358700933874626160	Run[name=12-sr25-aa-vsync, sr=true, strength=25, aa=true, vsync=true]
